{"v":"5.5.4","fr":25,"ip":6,"op":29,"w":1200,"h":800,"nm":"ref4arc","ddd":0,"assets":[],"layers":[{"ddd":0,"ind":1,"ty":4,"nm":"trash-large Outlines 2","sr":1,"ks":{"o":{"a":0,"k":100,"ix":11},"r":{"a":0,"k":-11.069,"ix":10},"p":{"a":1,"k":[{"i":{"x":0.833,"y":0.833},"o":{"x":0.167,"y":0.167},"t":9,"s":[457,418.5,0],"to":[10.602,-0.574,0],"ti":[1.191,18.509,0]},{"i":{"x":0.833,"y":0.833},"o":{"x":0.167,"y":0.167},"t":10,"s":[471.192,402.736,0],"to":[-0.451,-7.009,0],"ti":[-0.991,11.898,0]},{"i":{"x":0.833,"y":0.833},"o":{"x":0.167,"y":0.167},"t":11,"s":[483.573,367.695,0],"to":[0.835,-10.025,0],"ti":[-2.59,12.614,0]},{"i":{"x":0.833,"y":0.833},"o":{"x":0.167,"y":0.167},"t":12,"s":[491.49,320.765,0],"to":[5.52,-26.888,0],"ti":[-12.115,27.796,0]},{"i":{"x":0.833,"y":0.833},"o":{"x":0.167,"y":0.167},"t":14,"s":[533.902,211.351,0],"to":[14.747,-33.836,0],"ti":[-18.606,20.502,0]},{"i":{"x":0.833,"y":0.833},"o":{"x":0.167,"y":0.167},"t":16,"s":[622.703,109.623,0],"to":[13.418,-14.785,0],"ti":[-15.672,0.849,0]},{"i":{"x":0.833,"y":0.833},"o":{"x":0.167,"y":0.167},"t":17,"s":[668.264,69.868,0],"to":[64.295,-3.482,0],"ti":[-68.008,-80.755,0]},{"i":{"x":0.833,"y":0.833},"o":{"x":0.167,"y":0.167},"t":23,"s":[892.106,135.251,0],"to":[68.218,81.005,0],"ti":[-26.049,1.411,0]},{"t":28,"s":[1031,388.5,0]}],"ix":2},"a":{"a":0,"k":[400,400,0],"ix":1},"s":{"a":0,"k":[19,19,100],"ix":6}},"ao":0,"shapes":[{"ty":"gr","it":[{"ind":0,"ty":"sh","ix":1,"ks":{"a":0,"k":{"i":[[0,0],[-25.46,5.532],[-11.75,-1.66],[-15.178,-2.767],[14.689,-11.065],[-19.179,-24.635],[25.968,0.046]],"o":[[0,0],[25.46,-5.533],[11.751,1.66],[15.179,2.766],[-14.688,11.065],[7.252,9.316],[-63.087,-0.111]],"v":[[-49.484,-1.164],[-40.347,-48.273],[-10.97,-32.782],[9.104,-52.146],[36.124,-0.73],[58.555,15.904],[30.625,54.867]],"c":true},"ix":2},"nm":"Path 1","mn":"ADBE Vector Shape - Group","hd":false},{"ty":"fl","c":{"a":0,"k":[0.079542294671,0.007776704489,0.185003856584,1],"ix":4},"o":{"a":0,"k":100,"ix":5},"r":1,"bm":0,"nm":"Fill 1","mn":"ADBE Vector Graphic - Fill","hd":false},{"ty":"tr","p":{"a":0,"k":[520.921,99.865],"ix":2},"a":{"a":0,"k":[0,0],"ix":1},"s":{"a":0,"k":[100,100],"ix":3},"r":{"a":0,"k":0,"ix":6},"o":{"a":0,"k":100,"ix":7},"sk":{"a":0,"k":0,"ix":4},"sa":{"a":0,"k":0,"ix":5},"nm":"Transform"}],"nm":"Group 1","np":2,"cix":2,"bm":0,"ix":1,"mn":"ADBE Vector Group","hd":false},{"ty":"gr","it":[{"ind":0,"ty":"sh","ix":1,"ks":{"a":0,"k":{"i":[[10.279,-14.406],[16.461,11.745],[-10.28,14.406],[-16.46,-11.744]],"o":[[-10.279,14.406],[-16.46,-11.745],[10.279,-14.407],[16.46,11.745]],"v":[[29.804,21.265],[-18.612,26.085],[-29.803,-21.265],[18.613,-26.085]],"c":true},"ix":2},"nm":"Path 1","mn":"ADBE Vector Shape - Group","hd":false},{"ty":"fl","c":{"a":0,"k":[0.079542294671,0.007776704489,0.185003856584,1],"ix":4},"o":{"a":0,"k":100,"ix":5},"r":1,"bm":0,"nm":"Fill 1","mn":"ADBE Vector Graphic - Fill","hd":false},{"ty":"tr","p":{"a":0,"k":[486.295,147.469],"ix":2},"a":{"a":0,"k":[0,0],"ix":1},"s":{"a":0,"k":[100,100],"ix":3},"r":{"a":0,"k":0,"ix":6},"o":{"a":0,"k":100,"ix":7},"sk":{"a":0,"k":0,"ix":4},"sa":{"a":0,"k":0,"ix":5},"nm":"Transform"}],"nm":"Group 2","np":2,"cix":2,"bm":0,"ix":2,"mn":"ADBE Vector Group","hd":false},{"ty":"gr","it":[{"ind":0,"ty":"sh","ix":1,"ks":{"a":0,"k":{"i":[[0,0],[-38.675,-38.675],[79.754,-142.778],[157.974,56.016],[-73.418,195.529]],"o":[[188.134,0],[38.675,38.675],[-72.668,130.091],[-148.467,-52.647],[73.419,-195.529]],"v":[[-37.93,-327.233],[193.653,-130.401],[278.022,164.267],[-115.332,271.217],[-284.358,-120.915]],"c":true},"ix":2},"nm":"Path 1","mn":"ADBE Vector Shape - Group","hd":false},{"ty":"fl","c":{"a":0,"k":[0.079542294671,0.007776704489,0.185003856584,1],"ix":4},"o":{"a":0,"k":100,"ix":5},"r":1,"bm":0,"nm":"Fill 1","mn":"ADBE Vector Graphic - Fill","hd":false},{"ty":"tr","p":{"a":0,"k":[397.358,437.257],"ix":2},"a":{"a":0,"k":[0,0],"ix":1},"s":{"a":0,"k":[100,100],"ix":3},"r":{"a":0,"k":0,"ix":6},"o":{"a":0,"k":100,"ix":7},"sk":{"a":0,"k":0,"ix":4},"sa":{"a":0,"k":0,"ix":5},"nm":"Transform"}],"nm":"Group 3","np":2,"cix":2,"bm":0,"ix":3,"mn":"ADBE Vector Group","hd":false}],"ip":0,"op":1500,"st":0,"bm":0}],"markers":[]}