{"v":"5.5.4","fr":25,"ip":6,"op":29,"w":1200,"h":800,"nm":"ref4arc","ddd":0,"assets":[],"layers":[{"ddd":0,"ind":3,"ty":4,"nm":"trash-med Outlines 2","sr":1,"ks":{"o":{"a":0,"k":100,"ix":11},"r":{"a":0,"k":0,"ix":10},"p":{"a":1,"k":[{"i":{"x":0.833,"y":0.833},"o":{"x":0.167,"y":0.167},"t":9,"s":[475,413,0],"to":[10.256,-0.674,0],"ti":[1.178,18.785,0]},{"i":{"x":0.833,"y":0.833},"o":{"x":0.167,"y":0.167},"t":10,"s":[478.044,396.901,0],"to":[-0.481,-7.666,0],"ti":[-0.699,12.601,0]},{"i":{"x":0.833,"y":0.833},"o":{"x":0.167,"y":0.167},"t":11,"s":[481.924,357.779,0],"to":[0.57,-10.288,0],"ti":[-2.161,12.865,0]},{"i":{"x":0.833,"y":0.833},"o":{"x":0.167,"y":0.167},"t":12,"s":[487.804,313.068,0],"to":[4.392,-26.144,0],"ti":[-10.928,28.02,0]},{"i":{"x":0.833,"y":0.833},"o":{"x":0.167,"y":0.167},"t":14,"s":[522.731,208.686,0],"to":[23.727,-60.835,0],"ti":[-37.329,2.452,0]},{"i":{"x":0.833,"y":0.833},"o":{"x":0.167,"y":0.167},"t":17,"s":[653.737,67.842,0],"to":[63.596,-4.178,0],"ti":[-88.878,-44.631,0]},{"i":{"x":0.833,"y":0.833},"o":{"x":0.167,"y":0.167},"t":23,"s":[875.512,113.174,0],"to":[94.307,47.357,0],"ti":[-6.768,-38.307,0]},{"t":28,"s":[1023,377,0]}],"ix":2},"a":{"a":0,"k":[400,400,0],"ix":1},"s":{"a":0,"k":[21.818,21.818,100],"ix":6}},"ao":0,"shapes":[{"ty":"gr","it":[{"ind":0,"ty":"sh","ix":1,"ks":{"a":0,"k":{"i":[[0,0],[-32.224,1.025],[-12.273,-3.996],[4.998,-4.26],[17.875,-2.14],[3.555,11.925]],"o":[[0,0],[32.223,-1.026],[12.274,3.997],[-4.999,4.26],[-17.874,2.141],[-3.555,-11.926]],"v":[[-58.96,-8.371],[4.044,-4.989],[59.355,-13.462],[63.415,-0.465],[6.059,15.317],[-68.073,0.6]],"c":true},"ix":2},"nm":"Path 1","mn":"ADBE Vector Shape - Group","hd":false},{"ty":"fl","c":{"a":0,"k":[0.680455346201,0.765293136297,0.870897180894,1],"ix":4},"o":{"a":0,"k":100,"ix":5},"r":1,"bm":0,"nm":"Fill 1","mn":"ADBE Vector Graphic - Fill","hd":false},{"ty":"tr","p":{"a":0,"k":[508.056,476.839],"ix":2},"a":{"a":0,"k":[0,0],"ix":1},"s":{"a":0,"k":[100,100],"ix":3},"r":{"a":0,"k":0,"ix":6},"o":{"a":0,"k":100,"ix":7},"sk":{"a":0,"k":0,"ix":4},"sa":{"a":0,"k":0,"ix":5},"nm":"Transform"}],"nm":"Group 1","np":2,"cix":2,"bm":0,"ix":1,"mn":"ADBE Vector Group","hd":false},{"ty":"gr","it":[{"ind":0,"ty":"sh","ix":1,"ks":{"a":0,"k":{"i":[[1.88,-11.486],[9.459,0.115],[2.298,4.386],[-1.677,6.456],[-3.549,1.878],[-2.924,-3.967]],"o":[[-1.879,11.487],[0,0],[-2.297,-4.385],[1.709,-6.581],[3.551,-1.88],[2.924,3.969]],"v":[[74.473,-96.603],[65.792,-81.877],[59.227,-85.534],[59.719,-111.82],[68.206,-123.335],[79.695,-121.248]],"c":true},"ix":2},"nm":"Path 1","mn":"ADBE Vector Shape - Group","hd":false},{"ind":1,"ty":"sh","ix":2,"ks":{"a":0,"k":{"i":[[7.923,-2.135],[7.416,20.503],[-9.337,3.296],[-0.941,-14.007]],"o":[[-12.633,3.405],[-5.666,-15.669],[10.93,-3.857],[0.942,14.006]],"v":[[-77.311,-74.039],[-94.339,-103.369],[-89.395,-126.164],[-73.035,-97.052]],"c":true},"ix":2},"nm":"Path 2","mn":"ADBE Vector Shape - Group","hd":false},{"ind":2,"ty":"sh","ix":3,"ks":{"a":0,"k":{"i":[[11.837,25.248],[2.246,13.905],[22.275,2.968],[0.122,-15.216],[3.941,-5.02],[6.75,-2.032],[22.237,-1.269],[0,0],[1.985,10.864],[0.011,0.06],[2.32,11.326],[17.968,-7.022],[3.743,-33.704],[-6.571,-46.956],[-24.266,-2.542],[-33.413,11.207],[-18.281,23.327]],"o":[[-16.71,-35.645],[-3.744,-23.172],[-17.033,-2.27],[-0.037,4.618],[-2.829,3.605],[0,0],[-22.237,1.268],[-11.723,0.785],[-0.011,-0.061],[-1.611,-8.998],[-3.836,-18.724],[-17.969,7.022],[-3.744,33.704],[6.28,44.888],[42.793,5.272],[43.741,-14.671],[20.278,-25.875]],"v":[[108.999,30.161],[81.255,-82.93],[77.583,-133.499],[54.018,-97.155],[50.997,-82.024],[35.533,-75.126],[0.619,-70.059],[-38.611,-70.808],[-62.848,-88.53],[-62.881,-88.712],[-69.232,-122.207],[-97.058,-137.91],[-96.933,-63.971],[-121.64,85.591],[-63.991,139.659],[30.968,122.267],[107.934,95.901]],"c":true},"ix":2},"nm":"Path 3","mn":"ADBE Vector Shape - Group","hd":false},{"ty":"mm","mm":1,"nm":"Merge Paths 1","mn":"ADBE Vector Filter - Merge","hd":false},{"ty":"fl","c":{"a":0,"k":[0.86424333161,0.938817461799,0.964361691942,1],"ix":4},"o":{"a":0,"k":100,"ix":5},"r":1,"bm":0,"nm":"Fill 1","mn":"ADBE Vector Graphic - Fill","hd":false},{"ty":"tr","p":{"a":0,"k":[508.756,534.307],"ix":2},"a":{"a":0,"k":[0,0],"ix":1},"s":{"a":0,"k":[100,100],"ix":3},"r":{"a":0,"k":0,"ix":6},"o":{"a":0,"k":100,"ix":7},"sk":{"a":0,"k":0,"ix":4},"sa":{"a":0,"k":0,"ix":5},"nm":"Transform"}],"nm":"Group 2","np":5,"cix":2,"bm":0,"ix":2,"mn":"ADBE Vector Group","hd":false},{"ty":"gr","it":[{"ind":0,"ty":"sh","ix":1,"ks":{"a":0,"k":{"i":[[0,0],[0,0],[0,0],[0,0],[0,0],[0,0],[0,0],[0,0],[0,0],[0,0],[0,0],[0,0],[0,0],[0,0],[0,0],[0,0],[0,0],[0,0],[0,0],[0,0],[0,0],[0,0],[0,0],[0,0],[0,0],[0,0],[0,0],[0,0],[0,0],[0,0]],"o":[[0,0],[0,0],[0,0],[0,0],[0,0],[0,0],[0,0],[0,0],[0,0],[0,0],[0,0],[0,0],[0,0],[0,0],[0,0],[0,0],[0,0],[0,0],[0,0],[0,0],[0,0],[0,0],[0,0],[0,0],[0,0],[0,0],[0,0],[0,0],[0,0],[0,0]],"v":[[-6.025,-41.781],[25.918,-22.255],[131.866,14.14],[150.34,25.031],[130.039,30.706],[142.704,42.796],[123.182,47.402],[135.221,57.189],[120.251,60.068],[132.342,69.855],[113.919,73.31],[129.463,84.248],[109.889,90.581],[17.197,71.006],[-85.346,14.816],[-150.339,-48.169],[-150.339,-65.44],[-137.711,-53.645],[-135.318,-71.866],[-123.357,-60.303],[-120.167,-73.86],[-108.604,-64.689],[-107.807,-78.246],[-94.649,-69.075],[-95.188,-82.226],[-78.747,-72.523],[-81.173,-85.73],[-64.733,-76.027],[-63.116,-90.581],[-49.068,-78.01]],"c":true},"ix":2},"nm":"Path 1","mn":"ADBE Vector Shape - Group","hd":false},{"ty":"fl","c":{"a":0,"k":[0.891456813438,0.037760775697,0.072988689647,1],"ix":4},"o":{"a":0,"k":100,"ix":5},"r":1,"bm":0,"nm":"Fill 1","mn":"ADBE Vector Graphic - Fill","hd":false},{"ty":"tr","p":{"a":0,"k":[320.961,624.73],"ix":2},"a":{"a":0,"k":[0,0],"ix":1},"s":{"a":0,"k":[100,100],"ix":3},"r":{"a":0,"k":0,"ix":6},"o":{"a":0,"k":100,"ix":7},"sk":{"a":0,"k":0,"ix":4},"sa":{"a":0,"k":0,"ix":5},"nm":"Transform"}],"nm":"Group 3","np":2,"cix":2,"bm":0,"ix":3,"mn":"ADBE Vector Group","hd":false},{"ty":"gr","it":[{"ind":0,"ty":"sh","ix":1,"ks":{"a":0,"k":{"i":[[0,0],[0,0],[0,0],[0,0]],"o":[[0,0],[0,0],[0,0],[0,0]],"v":[[21.239,-4.925],[-21.239,-4.925],[-21.239,4.925],[21.239,4.925]],"c":true},"ix":2},"nm":"Path 1","mn":"ADBE Vector Shape - Group","hd":false},{"ty":"fl","c":{"a":0,"k":[0.680455346201,0.765293136297,0.870897180894,1],"ix":4},"o":{"a":0,"k":100,"ix":5},"r":1,"bm":0,"nm":"Fill 1","mn":"ADBE Vector Graphic - Fill","hd":false},{"ty":"tr","p":{"a":0,"k":[407.345,184.925],"ix":2},"a":{"a":0,"k":[0,0],"ix":1},"s":{"a":0,"k":[100,100],"ix":3},"r":{"a":0,"k":0,"ix":6},"o":{"a":0,"k":100,"ix":7},"sk":{"a":0,"k":0,"ix":4},"sa":{"a":0,"k":0,"ix":5},"nm":"Transform"}],"nm":"Group 4","np":2,"cix":2,"bm":0,"ix":4,"mn":"ADBE Vector Group","hd":false},{"ty":"gr","it":[{"ind":0,"ty":"sh","ix":1,"ks":{"a":0,"k":{"i":[[0,-4.03],[13.321,0],[0,4.03],[-13.322,0]],"o":[[0,4.03],[-13.322,0],[0,-4.03],[13.321,0]],"v":[[24.121,-0.001],[0,7.298],[-24.121,-0.001],[0,-7.298]],"c":true},"ix":2},"nm":"Path 1","mn":"ADBE Vector Shape - Group","hd":false},{"ty":"fl","c":{"a":0,"k":[0.680455346201,0.765293136297,0.870897180894,1],"ix":4},"o":{"a":0,"k":100,"ix":5},"r":1,"bm":0,"nm":"Fill 1","mn":"ADBE Vector Graphic - Fill","hd":false},{"ty":"tr","p":{"a":0,"k":[407.518,191.074],"ix":2},"a":{"a":0,"k":[0,0],"ix":1},"s":{"a":0,"k":[100,100],"ix":3},"r":{"a":0,"k":0,"ix":6},"o":{"a":0,"k":100,"ix":7},"sk":{"a":0,"k":0,"ix":4},"sa":{"a":0,"k":0,"ix":5},"nm":"Transform"}],"nm":"Group 5","np":2,"cix":2,"bm":0,"ix":5,"mn":"ADBE Vector Group","hd":false},{"ty":"gr","it":[{"ind":0,"ty":"sh","ix":1,"ks":{"a":0,"k":{"i":[[0,-4.031],[13.322,0],[0,4.03],[-13.321,0]],"o":[[0,4.03],[-13.321,0],[0,-4.031],[13.322,0]],"v":[[24.121,0],[0,7.298],[-24.121,0],[0,-7.298]],"c":true},"ix":2},"nm":"Path 1","mn":"ADBE Vector Shape - Group","hd":false},{"ty":"fl","c":{"a":0,"k":[0.680455346201,0.765293136297,0.870897180894,1],"ix":4},"o":{"a":0,"k":100,"ix":5},"r":1,"bm":0,"nm":"Fill 1","mn":"ADBE Vector Graphic - Fill","hd":false},{"ty":"tr","p":{"a":0,"k":[407.269,196.242],"ix":2},"a":{"a":0,"k":[0,0],"ix":1},"s":{"a":0,"k":[100,100],"ix":3},"r":{"a":0,"k":0,"ix":6},"o":{"a":0,"k":100,"ix":7},"sk":{"a":0,"k":0,"ix":4},"sa":{"a":0,"k":0,"ix":5},"nm":"Transform"}],"nm":"Group 6","np":2,"cix":2,"bm":0,"ix":6,"mn":"ADBE Vector Group","hd":false},{"ty":"gr","it":[{"ind":0,"ty":"sh","ix":1,"ks":{"a":0,"k":{"i":[[0,-4.03],[13.322,0],[0,4.03],[-13.321,0]],"o":[[0,4.03],[-13.321,0],[0,-4.03],[13.322,0]],"v":[[24.121,-0.001],[0,7.298],[-24.121,-0.001],[0,-7.298]],"c":true},"ix":2},"nm":"Path 1","mn":"ADBE Vector Shape - Group","hd":false},{"ty":"fl","c":{"a":0,"k":[0.680455346201,0.765293136297,0.870897180894,1],"ix":4},"o":{"a":0,"k":100,"ix":5},"r":1,"bm":0,"nm":"Fill 1","mn":"ADBE Vector Graphic - Fill","hd":false},{"ty":"tr","p":{"a":0,"k":[407.269,202.598],"ix":2},"a":{"a":0,"k":[0,0],"ix":1},"s":{"a":0,"k":[100,100],"ix":3},"r":{"a":0,"k":0,"ix":6},"o":{"a":0,"k":100,"ix":7},"sk":{"a":0,"k":0,"ix":4},"sa":{"a":0,"k":0,"ix":5},"nm":"Transform"}],"nm":"Group 7","np":2,"cix":2,"bm":0,"ix":7,"mn":"ADBE Vector Group","hd":false},{"ty":"gr","it":[{"ind":0,"ty":"sh","ix":1,"ks":{"a":0,"k":{"i":[[0,-12.101],[13.321,0],[0,12.101],[-13.322,0]],"o":[[0,12.101],[-13.322,0],[0,-12.101],[13.321,0]],"v":[[24.122,0],[0.001,21.911],[-24.121,0],[0.001,-21.911]],"c":true},"ix":2},"nm":"Path 1","mn":"ADBE Vector Shape - Group","hd":false},{"ty":"fl","c":{"a":0,"k":[0.680455346201,0.765293136297,0.870897180894,1],"ix":4},"o":{"a":0,"k":100,"ix":5},"r":1,"bm":0,"nm":"Fill 1","mn":"ADBE Vector Graphic - Fill","hd":false},{"ty":"tr","p":{"a":0,"k":[407.312,215.782],"ix":2},"a":{"a":0,"k":[0,0],"ix":1},"s":{"a":0,"k":[100,100],"ix":3},"r":{"a":0,"k":0,"ix":6},"o":{"a":0,"k":100,"ix":7},"sk":{"a":0,"k":0,"ix":4},"sa":{"a":0,"k":0,"ix":5},"nm":"Transform"}],"nm":"Group 8","np":2,"cix":2,"bm":0,"ix":8,"mn":"ADBE Vector Group","hd":false},{"ty":"gr","it":[{"ind":0,"ty":"sh","ix":1,"ks":{"a":0,"k":{"i":[[0,0],[77.843,0],[0,0],[0,0],[-78.311,0],[0,0]],"o":[[0,0],[-77.841,0],[0,0],[0,0],[78.521,0],[0,0]],"v":[[82.723,80.09],[-0.044,101.178],[-82.723,80.09],[-82.723,-101.178],[0.496,-86.104],[82.723,-101.178]],"c":true},"ix":2},"nm":"Path 1","mn":"ADBE Vector Shape - Group","hd":false},{"ty":"fl","c":{"a":0,"k":[0.891456813438,0.037760775697,0.072988689647,1],"ix":4},"o":{"a":0,"k":100,"ix":5},"r":1,"bm":0,"nm":"Fill 1","mn":"ADBE Vector Graphic - Fill","hd":false},{"ty":"tr","p":{"a":0,"k":[407.312,434.672],"ix":2},"a":{"a":0,"k":[0,0],"ix":1},"s":{"a":0,"k":[100,100],"ix":3},"r":{"a":0,"k":0,"ix":6},"o":{"a":0,"k":100,"ix":7},"sk":{"a":0,"k":0,"ix":4},"sa":{"a":0,"k":0,"ix":5},"nm":"Transform"}],"nm":"Group 9","np":2,"cix":2,"bm":0,"ix":9,"mn":"ADBE Vector Group","hd":false},{"ty":"gr","it":[{"ind":0,"ty":"sh","ix":1,"ks":{"a":0,"k":{"i":[[0,-17.337],[14.998,0],[0,17.337],[-14.999,0]],"o":[[0,17.337],[-14.999,0],[0,-17.337],[14.998,0]],"v":[[27.157,0],[0,31.391],[-27.157,0],[0,-31.391]],"c":true},"ix":2},"nm":"Path 1","mn":"ADBE Vector Shape - Group","hd":false},{"ty":"fl","c":{"a":0,"k":[0.680455346201,0.765293136297,0.870897180894,1],"ix":4},"o":{"a":0,"k":100,"ix":5},"r":1,"bm":0,"nm":"Fill 1","mn":"ADBE Vector Graphic - Fill","hd":false},{"ty":"tr","p":{"a":0,"k":[462.878,598.612],"ix":2},"a":{"a":0,"k":[0,0],"ix":1},"s":{"a":0,"k":[100,100],"ix":3},"r":{"a":0,"k":0,"ix":6},"o":{"a":0,"k":100,"ix":7},"sk":{"a":0,"k":0,"ix":4},"sa":{"a":0,"k":0,"ix":5},"nm":"Transform"}],"nm":"Group 10","np":2,"cix":2,"bm":0,"ix":10,"mn":"ADBE Vector Group","hd":false},{"ty":"gr","it":[{"ind":0,"ty":"sh","ix":1,"ks":{"a":0,"k":{"i":[[0,-26.999],[23.358,0],[0,27],[-23.358,0]],"o":[[0,27],[-23.358,0],[0,-26.999],[23.358,0]],"v":[[42.295,0],[0,48.887],[-42.294,0],[0,-48.888]],"c":true},"ix":2},"nm":"Path 1","mn":"ADBE Vector Shape - Group","hd":false},{"ty":"fl","c":{"a":0,"k":[0.680455346201,0.765293136297,0.870897180894,1],"ix":4},"o":{"a":0,"k":100,"ix":5},"r":1,"bm":0,"nm":"Fill 1","mn":"ADBE Vector Graphic - Fill","hd":false},{"ty":"tr","p":{"a":0,"k":[407.809,581.116],"ix":2},"a":{"a":0,"k":[0,0],"ix":1},"s":{"a":0,"k":[100,100],"ix":3},"r":{"a":0,"k":0,"ix":6},"o":{"a":0,"k":100,"ix":7},"sk":{"a":0,"k":0,"ix":4},"sa":{"a":0,"k":0,"ix":5},"nm":"Transform"}],"nm":"Group 11","np":2,"cix":2,"bm":0,"ix":11,"mn":"ADBE Vector Group","hd":false},{"ty":"gr","it":[{"ind":0,"ty":"sh","ix":1,"ks":{"a":0,"k":{"i":[[0,-17.337],[14.998,0],[0,17.337],[-14.999,0]],"o":[[0,17.337],[-14.999,0],[0,-17.337],[14.998,0]],"v":[[27.157,0],[0,31.391],[-27.157,0],[0,-31.391]],"c":true},"ix":2},"nm":"Path 1","mn":"ADBE Vector Shape - Group","hd":false},{"ty":"fl","c":{"a":0,"k":[0.680455346201,0.765293136297,0.870897180894,1],"ix":4},"o":{"a":0,"k":100,"ix":5},"r":1,"bm":0,"nm":"Fill 1","mn":"ADBE Vector Graphic - Fill","hd":false},{"ty":"tr","p":{"a":0,"k":[351.747,598.261],"ix":2},"a":{"a":0,"k":[0,0],"ix":1},"s":{"a":0,"k":[100,100],"ix":3},"r":{"a":0,"k":0,"ix":6},"o":{"a":0,"k":100,"ix":7},"sk":{"a":0,"k":0,"ix":4},"sa":{"a":0,"k":0,"ix":5},"nm":"Transform"}],"nm":"Group 12","np":2,"cix":2,"bm":0,"ix":12,"mn":"ADBE Vector Group","hd":false},{"ty":"gr","it":[{"ind":0,"ty":"sh","ix":1,"ks":{"a":0,"k":{"i":[[0,0],[0,0],[0,0],[0,0]],"o":[[0,0],[0,0],[0,0],[0,0]],"v":[[82.723,147.171],[-82.723,147.171],[-82.723,-147.171],[82.723,-147.171]],"c":true},"ix":2},"nm":"Path 1","mn":"ADBE Vector Shape - Group","hd":false},{"ty":"fl","c":{"a":0,"k":[0.680455346201,0.765293136297,0.870897180894,1],"ix":4},"o":{"a":0,"k":100,"ix":5},"r":1,"bm":0,"nm":"Fill 1","mn":"ADBE Vector Graphic - Fill","hd":false},{"ty":"tr","p":{"a":0,"k":[407.312,451.441],"ix":2},"a":{"a":0,"k":[0,0],"ix":1},"s":{"a":0,"k":[100,100],"ix":3},"r":{"a":0,"k":0,"ix":6},"o":{"a":0,"k":100,"ix":7},"sk":{"a":0,"k":0,"ix":4},"sa":{"a":0,"k":0,"ix":5},"nm":"Transform"}],"nm":"Group 13","np":2,"cix":2,"bm":0,"ix":13,"mn":"ADBE Vector Group","hd":false},{"ty":"gr","it":[{"ind":0,"ty":"sh","ix":1,"ks":{"a":0,"k":{"i":[[0,-51.139],[45.714,0],[0,51.139],[-45.714,0]],"o":[[0,51.139],[-45.714,0],[0,-51.139],[45.714,0]],"v":[[82.773,0],[0,92.596],[-82.773,0],[0,-92.596]],"c":true},"ix":2},"nm":"Path 1","mn":"ADBE Vector Shape - Group","hd":false},{"ty":"fl","c":{"a":0,"k":[0.680455346201,0.765293136297,0.870897180894,1],"ix":4},"o":{"a":0,"k":100,"ix":5},"r":1,"bm":0,"nm":"Fill 1","mn":"ADBE Vector Graphic - Fill","hd":false},{"ty":"tr","p":{"a":0,"k":[407.269,303.305],"ix":2},"a":{"a":0,"k":[0,0],"ix":1},"s":{"a":0,"k":[100,100],"ix":3},"r":{"a":0,"k":0,"ix":6},"o":{"a":0,"k":100,"ix":7},"sk":{"a":0,"k":0,"ix":4},"sa":{"a":0,"k":0,"ix":5},"nm":"Transform"}],"nm":"Group 14","np":2,"cix":2,"bm":0,"ix":14,"mn":"ADBE Vector Group","hd":false}],"ip":0,"op":1500,"st":0,"bm":0}],"markers":[]}