{"frames": {

"fruitpuppet-side_00050.png":
{
	"frame": {"x":1271,"y":1447,"w":443,"h":626},
	"rotated": true,
	"trimmed": true,
	"spriteSourceSize": {"x":70,"y":70,"w":443,"h":626},
	"sourceSize": {"w":721,"h":792},
	"anchor": {"x":0.5,"y":0.5}
},
"fruitpuppet-side_00051.png":
{
	"frame": {"x":638,"y":1413,"w":439,"h":631},
	"rotated": true,
	"trimmed": true,
	"spriteSourceSize": {"x":67,"y":70,"w":439,"h":631},
	"sourceSize": {"w":721,"h":792},
	"anchor": {"x":0.5,"y":0.5}
},
"fruitpuppet-side_00052.png":
{
	"frame": {"x":1,"y":1361,"w":434,"h":635},
	"rotated": true,
	"trimmed": true,
	"spriteSourceSize": {"x":66,"y":70,"w":434,"h":635},
	"sourceSize": {"w":721,"h":792},
	"anchor": {"x":0.5,"y":0.5}
},
"fruitpuppet-side_00053.png":
{
	"frame": {"x":1289,"y":1020,"w":425,"h":638},
	"rotated": true,
	"trimmed": true,
	"spriteSourceSize": {"x":68,"y":70,"w":425,"h":638},
	"sourceSize": {"w":721,"h":792},
	"anchor": {"x":0.5,"y":0.5}
},
"fruitpuppet-side_00054.png":
{
	"frame": {"x":646,"y":997,"w":414,"h":641},
	"rotated": true,
	"trimmed": true,
	"spriteSourceSize": {"x":72,"y":70,"w":414,"h":641},
	"sourceSize": {"w":721,"h":792},
	"anchor": {"x":0.5,"y":0.5}
},
"fruitpuppet-side_00055.png":
{
	"frame": {"x":1,"y":959,"w":400,"h":643},
	"rotated": true,
	"trimmed": true,
	"spriteSourceSize": {"x":79,"y":70,"w":400,"h":643},
	"sourceSize": {"w":721,"h":792},
	"anchor": {"x":0.5,"y":0.5}
},
"fruitpuppet-side_00056.png":
{
	"frame": {"x":1294,"y":635,"w":383,"h":644},
	"rotated": true,
	"trimmed": true,
	"spriteSourceSize": {"x":89,"y":70,"w":383,"h":644},
	"sourceSize": {"w":721,"h":792},
	"anchor": {"x":0.5,"y":0.5}
},
"fruitpuppet-side_00057.png":
{
	"frame": {"x":648,"y":631,"w":364,"h":644},
	"rotated": true,
	"trimmed": true,
	"spriteSourceSize": {"x":101,"y":70,"w":364,"h":644},
	"sourceSize": {"w":721,"h":792},
	"anchor": {"x":0.5,"y":0.5}
},
"fruitpuppet-side_00058.png":
{
	"frame": {"x":1,"y":614,"w":343,"h":645},
	"rotated": true,
	"trimmed": true,
	"spriteSourceSize": {"x":115,"y":70,"w":343,"h":645},
	"sourceSize": {"w":721,"h":792},
	"anchor": {"x":0.5,"y":0.5}
},
"fruitpuppet-side_00059.png":
{
	"frame": {"x":654,"y":296,"w":333,"h":648},
	"rotated": true,
	"trimmed": true,
	"spriteSourceSize": {"x":118,"y":70,"w":333,"h":648},
	"sourceSize": {"w":721,"h":792},
	"anchor": {"x":0.5,"y":0.5}
},
"fruitpuppet-side_00060.png":
{
	"frame": {"x":1304,"y":308,"w":325,"h":650},
	"rotated": true,
	"trimmed": true,
	"spriteSourceSize": {"x":119,"y":70,"w":325,"h":650},
	"sourceSize": {"w":721,"h":792},
	"anchor": {"x":0.5,"y":0.5}
},
"fruitpuppet-side_00061.png":
{
	"frame": {"x":1,"y":296,"w":316,"h":651},
	"rotated": true,
	"trimmed": true,
	"spriteSourceSize": {"x":121,"y":70,"w":316,"h":651},
	"sourceSize": {"w":721,"h":792},
	"anchor": {"x":0.5,"y":0.5}
},
"fruitpuppet-side_00062.png":
{
	"frame": {"x":1304,"y":1,"w":305,"h":651},
	"rotated": true,
	"trimmed": true,
	"spriteSourceSize": {"x":125,"y":70,"w":305,"h":651},
	"sourceSize": {"w":721,"h":792},
	"anchor": {"x":0.5,"y":0.5}
},
"fruitpuppet-side_00063.png":
{
	"frame": {"x":652,"y":1,"w":293,"h":650},
	"rotated": true,
	"trimmed": true,
	"spriteSourceSize": {"x":130,"y":70,"w":293,"h":650},
	"sourceSize": {"w":721,"h":792},
	"anchor": {"x":0.5,"y":0.5}
},
"fruitpuppet-side_00064.png":
{
	"frame": {"x":1,"y":1,"w":280,"h":649},
	"rotated": true,
	"trimmed": true,
	"spriteSourceSize": {"x":136,"y":70,"w":280,"h":649},
	"sourceSize": {"w":721,"h":792},
	"anchor": {"x":0.5,"y":0.5}
}},
"animations": {
	"fruitpuppet-side": ["fruitpuppet-side_00050.png","fruitpuppet-side_00051.png","fruitpuppet-side_00052.png","fruitpuppet-side_00053.png","fruitpuppet-side_00054.png","fruitpuppet-side_00055.png","fruitpuppet-side_00056.png","fruitpuppet-side_00057.png","fruitpuppet-side_00058.png","fruitpuppet-side_00059.png","fruitpuppet-side_00060.png","fruitpuppet-side_00061.png","fruitpuppet-side_00062.png","fruitpuppet-side_00063.png","fruitpuppet-side_00064.png"]
},
"meta": {
	"app": "https://www.codeandweb.com/texturepacker",
	"version": "1.0",
	"image": "climbing.png",
	"format": "RGBA8888",
	"size": {"w":1956,"h":1891},
	"scale": "1",
	"smartupdate": "$TexturePacker:SmartUpdate:8e20f266e01eb8f1e4353a19c87cbb96:d7790414d1a2856e392973dddd2c8445:466410f1ff51929ae2af1868e36f273c$"
}
}
